Student_ID,Days_Attended,Days_Missed,Absence_Reason
ccf3a17156dc4907ba6c34ab6712303a,95,0,Full Attendance
310c0c003fa741049bf90e27dc96925e,95,0,Full Attendance
23e2fcb472d8467d894a05e430b187ef,95,0,Full Attendance
766ecb15474e4c19aef912766c006f61,95,0,Full Attendance
134c6c92ec5b427c9fde4fbf3ff350bf,95,0,Full Attendance
db20a56edc814fe78eda8bbb71710434,95,0,Full Attendance
a6f2f7b80cf34b5899108be58ce21ea3,95,0,Full Attendance
03c72ba8d60547708a63f881ffd0f9d5,95,0,Full Attendance
c0e9ab30ed2642e997e011b7f8102383,95,0,Full Attendance
680ac07a2a934d62bc835dc0d9441fa5,95,0,Full Attendance
dd59ba7136b84481bb3a4e3e7c52fa17,95,0,Full Attendance
2a25a8880f024ad0a7067ef466aa9385,95,0,Full Attendance
63f2ae24fc3d4348808d4127610461e3,95,0,Full Attendance
c8fe3ccdc8b849c6ad3049cf43e458fc,95,0,Full Attendance
b253d2186c4a47ea890617f2747b6dba,95,0,Full Attendance
c88a618efed4457dbb026576f512c4c3,95,0,Full Attendance
7c967f79b7e94acaa97065e18e46d534,95,0,Full Attendance
37bb3eec4bf54b52b09d258c27a0c3d7,95,0,Full Attendance
bc594585944548c08ef8c2d6f7fd5646,95,0,Full Attendance
504867babf7b439b8f9aea4b8acd4e10,95,0,Full Attendance
7a0ecfea958c49ba8cd620c20ea2622b,95,0,Full Attendance
87f7e1fbda4b49caab5cf46780bacd64,95,0,Full Attendance
82010c62f5f54b228e8fa8e0284d82e5,95,0,Full Attendance
118a9d292f92499699f195d014822f53,95,0,Full Attendance
dca02eecacda4acc9165e21098543881,95,0,Full Attendance
f10c718b1eb0438aa75dd5af3c365296,95,0,Full Attendance
94340a033f07481491d63f78e3e9de99,95,0,Full Attendance
14fcdd549e8f49658a2c827e98326856,95,0,Full Attendance
90b2b633956b4c0ca8499b926b5252e3,95,0,Full Attendance
42c18a62ef4848d590fd9d3f85d51695,79,16,Truancy
506e5a9ab758488dab73295b344a54b8,95,0,Full Attendance
21813d25655248a683ff50113d1a85dd,95,0,Full Attendance
750cab754ccc4bc2a53f8a28abf3e3fc,95,0,Full Attendance
ef8c485bc07a40f2add4253b50f0fd0a,95,0,Full Attendance
9f044aed7552432782627f7312922f83,95,0,Full Attendance
19985f15ff004d4d902059e4ff9ab5c2,95,0,Full Attendance
8181a8cc369147eb89a2688b12c136e0,95,0,Full Attendance
5958a499eeea463ea1e8ac6843e42caf,95,0,Full Attendance
3e896c64e1174ac3919c4ea3e1805081,95,0,Full Attendance
702cdd20286248b888f4ef125e9953d2,95,0,Full Attendance
4d71c366b41b41438b10550cd5704f32,95,0,Full Attendance
ce9e1a11fcbb4e59bbddcf7c9c96e9ec,95,0,Full Attendance
aaf91531020041f08768a84fa76afde6,95,0,Full Attendance
ee87905e4ca445ea8dfa6a56d12dbc9a,95,0,Full Attendance
e0ccedc5f05d476e9a84a51aa9d3d7c7,95,0,Full Attendance
e3c436571d8c4bac83b409ef2260e70f,95,0,Full Attendance
27cb6f2a8da04097be0f051b1b66b5a9,95,0,Full Attendance
35ebd32d9ad640ab88212ddb45b89cd9,95,0,Full Attendance
afffcfd2341e440b97c700aab7b56ea7,95,0,Full Attendance
81627cf1439442e69a587e8aa25d6b29,95,0,Full Attendance
e87d1c78e7c441c780497b717d106c60,95,0,Full Attendance
a260772317a04f498d01280fd89a40c0,95,0,Full Attendance
0b49452d46d443f39450281c6c6f7633,95,0,Full Attendance
217d65a0c56841cd9563f61600e85ece,95,0,Full Attendance
295d6fbf430f401dbad409e2a319dcb4,91,4,Truancy
b4a69f3c8d3a4d99b11c21c9bdc14f1f,95,0,Full Attendance
1ca3c448027946a68f9797b06d7ce3c9,95,0,Full Attendance
b0e6a969e21342b0b1eedba313432e61,95,0,Full Attendance
093923de8bab4e3ba6286bfbe767dcea,95,0,Full Attendance
8d7248e2951f48d09e84f058d5a804eb,95,0,Full Attendance
0ab54bde20a04502ae06809725e97977,95,0,Full Attendance
eededb07e62346899d59cd2a4eea04e7,89,6,Other
0a368ce7dc574131b8e1daa7cbceabde,95,0,Full Attendance
ae9bec3635c7436c9b9962c6e61fecc0,95,0,Full Attendance
5a8aaeca1a504ec3aabc25fa3fe12e47,95,0,Full Attendance
dfed2c43e25646dc8f5486b7c7b5b2bc,95,0,Full Attendance
bfddc3d99ee34c2ab94d62046808593f,95,0,Full Attendance
3c9ad14cee0c4eb5acfedb992790cebd,95,0,Full Attendance
ccc56569f9e84369a999b735dd56cc94,95,0,Full Attendance
698c206fe1a44e10ad534dd0cf8ebc5a,95,0,Full Attendance
ecab3301bc8f4d29adea94930658663a,95,0,Full Attendance
696608aaee494329884a7b28550a1b46,95,0,Full Attendance
bc2cbb0ddd334cc7ab7f089acd5f4822,95,0,Full Attendance
28c13091444d410bbf87e362cf8d446a,95,0,Full Attendance
61ee411a1bac47a7b386f7a4c991603f,95,0,Full Attendance
787f2425dbcc447789e9db0adf465290,95,0,Full Attendance
eb1fa9f2d10b41d0b317347038f16a81,95,0,Full Attendance
d20eac174e204d1a998336e375d66ed4,95,0,Full Attendance
391184973a4342ba9f0f06cbcb9bc326,95,0,Full Attendance
6601ddd031704437a8f7ef5a060edf5b,95,0,Full Attendance
11c58ef0dd464c09875287aa5408f9ac,95,0,Full Attendance
59e4b67147744c5885f8bc16f7860b50,95,0,Full Attendance
adf4e62d6651429e8268690ba43825b5,95,0,Full Attendance
54c63cd889454f2797fa2d8dfb2ca025,95,0,Full Attendance
e08596db1d8749668710d430f071d879,95,0,Full Attendance
94a1875d2db64edb82deffccf86c2ca2,63,32,Illness
09cb394243f54a85bbc9f87af668a617,95,0,Full Attendance
587ef3446f3f420c98b8e4cc1bc044fc,75,20,Other
6fb78271504d481f89535b63ba81edd9,95,0,Full Attendance
1d9af65982ec4f2dbbf6e16f9b3080d5,95,0,Full Attendance
30a900ad939b462da645f129629c2ae3,82,13,Insecurity
6fa17735b57243d08b5cea6a41357e8c,95,0,Full Attendance
ce777f00ecf24e7685197ff4006ed6e3,95,0,Full Attendance
f0b5156bb82c4074afd5dea589d7fd6c,95,0,Full Attendance
3270e4faabae4f43bcae8081bdf070aa,95,0,Full Attendance
f2e9702d11e94daaae6981a35d3d9e56,95,0,Full Attendance
9f871ce754874d4fabb7a385aa0b7b14,95,0,Full Attendance
1fe771d6d9174793a9d3c2e6505cc686,95,0,Full Attendance
81d2c7de4ce14b90a6697833b841d0a0,95,0,Full Attendance
5380b904688c4015aab97e494f2d4796,95,0,Full Attendance
8dedf9fb4bb04f20b27c40266703b636,95,0,Full Attendance
aa38d0a16ba24efeb11c6eb62095eef6,95,0,Full Attendance
bf85bf0ead64456ca10faa3ff0bbac67,95,0,Full Attendance
91b0e1d99d9242afac8d0e44e71e43a6,95,0,Full Attendance
d56f03508c454ce2a7f48ad54d0b0d1a,95,0,Full Attendance
35ce884149734d6c8dcabfb7001a9a8b,95,0,Full Attendance
9b4e2c24947941e689277d9b6e0d2648,95,0,Full Attendance
7118e36477094749927eecfaa79ac9aa,95,0,Full Attendance
82dc4c8e36b5429aacf5e81e71316269,95,0,Full Attendance
f5b78cc7e6b349448b323e357922bac2,95,0,Full Attendance
a8aa71582b704525bc67f831cbc84759,95,0,Full Attendance
a9f2533683f449a988a639d015b52908,95,0,Full Attendance
17e8392a55ce45db9e87e04ca2086977,95,0,Full Attendance
3c20592fc04a46c4b3b63fe1d1843324,95,0,Full Attendance
ce7ae7f639824cff8f77a665ac3c5640,95,0,Full Attendance
0bd4a99006404e0fa5b8fd4b32fa2de8,95,0,Full Attendance
9c7c737779a24903bbe33b243eae0032,95,0,Full Attendance
7496276412a44ef084bbb7a9d98868dd,95,0,Full Attendance
935f2b0aa1384ddca2d9de5d6a18ce4c,95,0,Full Attendance
624c69b6b24445a7b7e5848131c681ec,95,0,Full Attendance
25c73c443e7543b4a64fa6637e8f8095,95,0,Full Attendance
e4855aa1016b4287b00805cca7f36ae9,95,0,Full Attendance
e2add909c5214f2d9c45d539c03f3538,95,0,Full Attendance
3805f9076cd6419387468f591b494e15,95,0,Full Attendance
b227462cf53d43308dda24ba2d06e8cf,95,0,Full Attendance
8eb225790cdb4ca4b6ecbdd68498e113,77,18,Family Event
1f115b76d92c4227aadf50853fcb7546,95,0,Full Attendance
76f2dbfecd29436fa22282e174daaebf,79,16,Family Event
8f15ba58fce6450487f8424daae65fc1,95,0,Full Attendance
c1581092f3354ba3913a7052986f9025,95,0,Full Attendance
d0a444329cd64852b14c7df4e4347d51,95,0,Full Attendance
6d3ee1dc81394443a45b712eb8225688,95,0,Full Attendance
722764e68c41461ba827a1b9d4a02e53,95,0,Full Attendance
dc8aee30be6043f7a8be9288e5af6e39,95,0,Full Attendance
c074718e425a409fb337c59979844388,95,0,Full Attendance
46fde062a33d47af9701410d3f4b1a70,95,0,Full Attendance
7c0e8cd8857347938715b2b9c40c5d91,95,0,Full Attendance
709b7d97464c44afbd3f3799a07295e9,95,0,Full Attendance
3c07c57449254af1b6aae05b13d5f2f7,95,0,Full Attendance
e49d681d51d84c6495fa1ab8458f1f19,95,0,Full Attendance
269cd696236c4b8794a0bccb8a476a87,95,0,Full Attendance
271e3ee2b1a641f1a20e99d33b33f3d8,95,0,Full Attendance
6a34c85410714d51b6c59dacb4d7e28e,95,0,Full Attendance
7746d0ba8ae8405b94b4a48268586eba,95,0,Full Attendance
d5385b0e34f3493c8ff0a55c6a702e2f,95,0,Full Attendance
c51155ffe7a34e81a3b4c08b6b8e869f,95,0,Full Attendance
05000bc6b20d4b6eb2311f1795863a76,95,0,Full Attendance
9360715fc3fe4183a172b725db52ca58,95,0,Full Attendance
f1578470018247c4ba1b58066160a6b4,95,0,Full Attendance
63d62a39c0e34efd8c71e0fe5a0cdd7c,95,0,Full Attendance
d5f25073f41442b1a4429ebbda7b9095,87,8,Insecurity
bc10fa52bf5d4fdf89c8d2ab6b44fa8d,95,0,Full Attendance
e5d6f6e69a6e42f58cc429038bcf53a1,95,0,Full Attendance
45df16b6382c443fbcfc9b793875394c,95,0,Full Attendance
638c254c076e4bbabc5308bf6f92f25e,95,0,Full Attendance
cc530e36addc4e13ab3b4d37560c95ee,95,0,Full Attendance
d72b61082a404f12b963f37f67814c1f,95,0,Full Attendance
fb10987f20ac4703ab67146a77a6e17c,95,0,Full Attendance
e82c7d7b06e745f988bc539c9f4c3b79,95,0,Full Attendance
a9ba5a27907b4e36978648f864de82e6,95,0,Full Attendance
6db99102a48b4dbe957d94a106f028ff,95,0,Full Attendance
2e85cb2176314e9d9de9f86322bd3388,95,0,Full Attendance
53cd6268610c437382999aa40cdf742b,95,0,Full Attendance
56666f9f53ac4ab9b4672cd9362f5e5c,95,0,Full Attendance
473bd358610e4a64a1301617c2dff335,95,0,Full Attendance
6bebac31d4f84d72b3821cfdc083b73a,95,0,Full Attendance
7866076514f74e8d95bcb8d04094dded,95,0,Full Attendance
0d557b618a174dfebfc00dc804f64d86,95,0,Full Attendance
39669fa759974043b3b1025bfff9f585,95,0,Full Attendance
f510ab53c7fe439f9190f938a66fd7f7,95,0,Full Attendance
07f194f9c1154d6d8a4e5b70a6d964a3,95,0,Full Attendance
d6d7b3b833094d35bf4df561f319c125,95,0,Full Attendance
3d1148022702478b9f0fda8d05379ff6,95,0,Full Attendance
1d48a071ab6147b1b93b4c3220500494,95,0,Full Attendance
770c779837cc463bb2a0345990604f62,95,0,Full Attendance
5e6fea07c4534f1d81992fdfb31022f0,95,0,Full Attendance
f6b751f79b7442459b1bc8952af43ab7,95,0,Full Attendance
c71d5e601d5246abb7e6427cbf780e3f,95,0,Full Attendance
4fa03f26f6f740cca9ec8e49d1bdb8c0,95,0,Full Attendance
edcb8cb606924c639424aed51bac5c15,69,26,Family Event
e87466d7ad6641bd93676a024fdc6e1b,95,0,Full Attendance
f1043785658b4523a0141de9f54ad0a2,95,0,Full Attendance
9793b9b413744146b2c5bd89b70b3420,95,0,Full Attendance
3e2b6091a092452a94a057a7b0cc1b3b,95,0,Full Attendance
4d3485c5c5c14eb4b27b3d901a16342c,95,0,Full Attendance
ce3714af99b44350af2b99b4d9acd158,95,0,Full Attendance
90e0f4a0fbdd49338bd58bf61efd76e9,95,0,Full Attendance
8861fe1858e248888a8381bec85aca46,95,0,Full Attendance
11a726095edd4bbfa95976636daa2e68,75,20,Other
033d2bce575a4d2ca5c5650c8186a576,95,0,Full Attendance
7d7ddbedd284476cab88f83dd97dc9cd,95,0,Full Attendance
5cb85aedf5f64c97aefb63b11b049863,95,0,Full Attendance
75b17a55d4264982a43e4288a2b5b498,95,0,Full Attendance
2d174fc96f7c45eaa72a6d8eb5122df8,95,0,Full Attendance
a6846099f7294951859131d2bbda0242,95,0,Full Attendance
eb6c1016cee644d09dac6e8345241ea6,95,0,Full Attendance
7701f7bb7bc64e1f864ee6e389c5b31a,95,0,Full Attendance
97ac6aa8bb2448a3936357b66f81cf4f,95,0,Full Attendance
3ed8c56cda094fa092828d8044b591f7,95,0,Full Attendance
4767d76c162f4a24af43613cd4aac9a3,95,0,Full Attendance
c01f36bf3e6d458bb367c28de1b294de,95,0,Full Attendance
ab0e664e9c3e42d591e1aa9676f72255,95,0,Full Attendance
7e8adee707584201961e16d16105716b,95,0,Full Attendance
7cd0129d2e8d4e87933420e6d9d80b8d,95,0,Full Attendance
4223623bcc3e4dde9ad5cf06364d7c87,95,0,Full Attendance
989d9d4ae15c46668797b2c957207246,95,0,Full Attendance
8e48522346b94991a14eb70db380c73a,95,0,Full Attendance
30e912f2f2b44abf8441aefd0299436a,95,0,Full Attendance
680bac63b8564035bdc9829015eabb27,95,0,Full Attendance
3d85de89c21744298e2007247d137018,95,0,Full Attendance
b63b4dc3a5594463b9e13ceab0cbc61f,95,0,Full Attendance
046a0df5cafd4613b2bb912d7da67785,95,0,Full Attendance
6786d50638ba4abc8b5305e517d2582e,95,0,Full Attendance
a9f948b24e6344bbbe493f43b118f68d,95,0,Full Attendance
8db06746792749739e781fd794e0d3ba,95,0,Full Attendance
ff233d5f6ced415d98007c0287ea7ff5,95,0,Full Attendance
5a10412954ae4d1b8ce6424dbef59fe6,95,0,Full Attendance
4e7ed827455a4762b428a656b3ee4d3b,95,0,Full Attendance
b8a6171f1ee34dc4bb048a8b405bfdc9,95,0,Full Attendance
be2d740a1e9b43bc90c7c006314d3441,95,0,Full Attendance
b0ae8f08c31e4bbcb36cb62b892e6161,95,0,Full Attendance
bd1531c837644bdab108d4482f65fafa,95,0,Full Attendance
96ef2ad6b97e470386c8adfe7bf47042,95,0,Full Attendance
98c7472a864e4a13829cfc0cfa02eaec,95,0,Full Attendance
d52721e719bc443ebb02bebb48729a4d,95,0,Full Attendance
5c62b3a23a3c463e8bd6cee631b1b099,95,0,Full Attendance
b540b30e039f4a258d6168bd2defe193,95,0,Full Attendance
0ba6eab94639447ba067bdac88bd13d1,95,0,Full Attendance
4ac9778d8da84ee48df56ac6f96b648a,95,0,Full Attendance
a34b6cf620534a42b1afdb65b289f224,95,0,Full Attendance
1a432f0a7daa49f080b6fce2de53790a,95,0,Full Attendance
48ca765192f54f7b8323d342df6a8f93,82,13,School fees drive
5738811d70c2403fba8d03aa782a65e0,95,0,Full Attendance
40a26c600d274659b72ada9b2f32751e,95,0,Full Attendance
1d34d08e7a4c45d49c99e04cf0e98b3b,95,0,Full Attendance
7de31a516694434390ba58e3d2762bdc,95,0,Full Attendance
afbb411aa1234a8c93b7a88612f70c97,95,0,Full Attendance
cfa701cd2631400ba6d794d30db95301,95,0,Full Attendance
15ce6a664dc84a1eb2f9e5fa90164161,95,0,Full Attendance
8edddfcd1e524770bf897142fe716b14,95,0,Full Attendance
989bc4da9b37422baa8a616fc3b290d0,95,0,Full Attendance
c693da1139c641ca9e50aa42ca6dfda1,95,0,Full Attendance
e893be3d73544a6fa160745985c7504b,95,0,Full Attendance
96a9954fdc3341f98c1f55ab715629ee,95,0,Full Attendance
9191b3634e2d4645adc7cac7fd72b050,95,0,Full Attendance
f5c9b0479c1045728f6b40d09efba58b,95,0,Full Attendance
c342bd2bf295456e99675f06bd767e35,95,0,Full Attendance
43bfd93136054f54a021c0ca3531968d,95,0,Full Attendance
3d67cde9283444c094c8b3b4a911d192,95,0,Full Attendance
2812859a1337439e8d4f5d272c7f0b79,95,0,Full Attendance
b07aa066735445eaa8949b8d00af5b3a,95,0,Full Attendance
085b15fb4a8f4810b84c2f29980402a2,95,0,Full Attendance
48603b32b4fb4eb989c13de73b4206c5,95,0,Full Attendance
1238d630743b45a29c0f2fcfb3f6fe0d,95,0,Full Attendance
43b9da13ec854f37bbc1a987aff8754d,95,0,Full Attendance
96fc734da0034d288a8f3653c9af18f8,95,0,Full Attendance
32a447b2ef04457d8dccc33aa9434aa0,95,0,Full Attendance
398d1ca68b6840b59d61fac36cd5e859,95,0,Full Attendance
44007d5ae88d4719a6242b40a5cb63a2,95,0,Full Attendance
0f44704f12474a4ea46998e8d39e198b,95,0,Full Attendance
9854ce4e4ebf45c38ae9b4a72a79ea68,95,0,Full Attendance
ebd3461691b74d8e93016989bfbbb17f,95,0,Full Attendance
77fc97031fd54423b06c5c5649e2623d,95,0,Full Attendance
670acc5cb3214f218dd8eb85b04d3376,95,0,Full Attendance
8a3c3b5e801e41da85b1ed25f1533ae8,95,0,Full Attendance
9918ee4614974658b010f7197e695d0d,95,0,Full Attendance
bc0a6a5d6e994e3ea3b137fc0a3450fc,95,0,Full Attendance
069f14f140184c6e9a8cfa3c5283aac7,95,0,Full Attendance
ac9ed156f63f4e41ba9aca5e176132ed,95,0,Full Attendance
964db03f93404fad9c4ad56bd6016237,95,0,Full Attendance
c3c75611ffe34a49854f92fff366bad4,95,0,Full Attendance
9384ec2b44fe4cae9248a9a7ac1aa554,95,0,Full Attendance
2cd94cbbc19a458c835b1c8c0a4c9f7f,95,0,Full Attendance
7135f221a6c9437f84dad06a7872bdeb,95,0,Full Attendance
ff37d19c2e76428b873544f9ea83bf00,95,0,Full Attendance
d0725b5ca2814044af96288295d82980,95,0,Full Attendance
785299f4175b498db81401027de1bdfe,95,0,Full Attendance
5230dfbd555342fea889803e5913f9d3,95,0,Full Attendance
292bd156db9445709ac70ec0ab8ddeb4,95,0,Full Attendance
7ed70ed7b194490ba961929e546e035a,95,0,Full Attendance
668409e3f1f8443ea99f131849c8a43f,95,0,Full Attendance
0964fbbf8cd341b082b01cfdd045dd1c,95,0,Full Attendance
409d360250844242968b1625746f7891,95,0,Full Attendance
c5c5b37af85e46a19dad09b252c21221,95,0,Full Attendance
d32e6dcd83bc44789d6ac7b86778043b,95,0,Full Attendance
de8ede0ba85c4e4a804b6fabfcf56188,95,0,Full Attendance
0de051a669ca47d2b64414fd8ae769ed,95,0,Full Attendance
9f64eeed5c9d427d84b871bb300568d2,64,31,Family Event
71299889a01a4992bf9d3e64c1a6423b,95,0,Full Attendance
445dcc38341c44948d366dfcc28ebd70,70,25,Other
49bc473fed7b4656a18a15368c99a894,95,0,Full Attendance
7c16128db2c04394a17f29e170286046,95,0,Full Attendance
a14923c2f920464c8763fcd01f15c7b6,95,0,Full Attendance
b5b453ca3d42493c8c9fd3349bdf0377,95,0,Full Attendance
03802b708d03491e8f8d5238288b78b5,95,0,Full Attendance
3985fb6217dc4effa87213f98d605936,95,0,Full Attendance
1d0bc9bde9b545cf97665cdafe049059,95,0,Full Attendance
a5d04d531e1242e3b27292b6762172ed,95,0,Full Attendance
eec259dc7f95497ca76aa6ced50755d9,95,0,Full Attendance
b495db4e82454fb48ab7706eb77350ca,95,0,Full Attendance
7b85179ad5b047e0aa5d932b45ff2c83,95,0,Full Attendance
74eff5453e654603b8e3654bfaf14ff0,95,0,Full Attendance
30cbd7556232417aa50741818d1fb540,95,0,Full Attendance
bf0d073d821c43369970cf60ebff8d15,87,8,Insecurity
11df12d7dd304e89a2f235f2e11b868d,95,0,Full Attendance
dabac50dca3d485985ce099c46b82659,95,0,Full Attendance
c9a7d91fef2a4713970210496a39aaa6,95,0,Full Attendance
00a81de9d20f47d084656d6b81fb18b3,95,0,Full Attendance
d664d2644c6e47ffb9de7a3a486822b9,95,0,Full Attendance
a8f1e091ffb8402d9475dbc996418ced,95,0,Full Attendance
7250ee18260a49629d81b7f57d5911c6,95,0,Full Attendance
551ac8ea585a4afabbfdcc1289e06ab3,95,0,Full Attendance
6090d6978b1e4b9d834b9fbb8d4a75b8,95,0,Full Attendance
de9e37575260401eaecf67d2749176f4,95,0,Full Attendance
3d225c30b28f41debb140bc3304b8590,95,0,Full Attendance
db23aa8c3bca4f85a20a60ac9261549d,95,0,Full Attendance
517400f80b2c482aa9288e92c68a152f,95,0,Full Attendance
e9d68f23b4894070b914f8a8bea4ff31,95,0,Full Attendance
fd08b32c62d64e93a1985d54cfb87e6f,95,0,Full Attendance
a6eab79ed21c42f88ada4f80a9e782d4,95,0,Full Attendance
f6febc0e7ecd4bafa6f05fcffb16e5db,95,0,Full Attendance
f72169bb80964718a051acef097a1e10,95,0,Full Attendance
19b17e80dea44e1794fd9ad39716108e,95,0,Full Attendance
1986b4b270b74868985480f0dfcaf0b7,95,0,Full Attendance
03edd1f874f94d17a912b4bf86a4bae4,95,0,Full Attendance
def5768968f44bcea4e75e8eb8f21423,95,0,Full Attendance
1327f1bc2784478fb84f16b3a79fbfaf,95,0,Full Attendance
43d88870f81d4aa188120a8e78308930,95,0,Full Attendance
65c17795b15546bc9f8ded9756abf2f1,95,0,Full Attendance
541cdfcdda0d4a5f948f8b74a65bb1f2,95,0,Full Attendance
889b78d5dbfd497eaca2b148da330aa1,95,0,Full Attendance
a075e92751104492b4427e0b61484bb3,95,0,Full Attendance
7cea2045c268483ea32f2e63b7fddd71,95,0,Full Attendance
9e11d2cd09304ef68a80068ddf547e50,95,0,Full Attendance
af34cf65a19344b2bc19e71d118405ad,95,0,Full Attendance
3a3c8a71ff574e2b8991ab9bebc2026f,95,0,Full Attendance
fa7457616f1841089723199dbf2c14a0,95,0,Full Attendance
b4323070a23d4c2f82a796891933918c,95,0,Full Attendance
2a96e1e271944ae299bad7aedf615a5c,95,0,Full Attendance
0769165fe7464cb98ca9cf07b1aa0f6a,95,0,Full Attendance
0e5dd462cbd04ef2930a37df0bc61066,74,21,Other
6e417d475ff545ea9bc440f14b1a269b,95,0,Full Attendance
697c392387fa441abe83b91f25440fe0,95,0,Full Attendance
2e183554cae24e66ae8a781390e0a95b,95,0,Full Attendance
9c07a75114374509acd1586a2b840c67,95,0,Full Attendance
aee1e86b9ea546aaa1ee6c5bdeef580f,95,0,Full Attendance
9549c931e9af499dbf671eec3da70577,95,0,Full Attendance
a34db7c5760d4bbbbb70b3a124a35cf2,95,0,Full Attendance
aab612c9415d474ab5a669814104a8b5,73,22,Truancy
771ad655cdfc4ee0a61ede900267deb3,95,0,Full Attendance
8beddb12ad77482f89a23a89e6b5a92c,95,0,Full Attendance
f1faf665711543f392e89d1028711733,95,0,Full Attendance
4c955f6a966b4964bcd6bdca5876fd09,95,0,Full Attendance
b0b862ef6c9f42b9b6478986a3917c99,95,0,Full Attendance
4d57d880d865469ab4f3310340066ff2,95,0,Full Attendance
da743152627b41a1bfd6f23232ffe294,95,0,Full Attendance
61a117293cb943509b4da0fe7bb38605,86,9,Family Event
4bbe4aff93264ffd9be4bf5192698698,95,0,Full Attendance
059dd55d4b944e30b303f438fe2110d0,95,0,Full Attendance
6553867da8814fd3947d577bfa5a91ca,95,0,Full Attendance
dd750e9890e0495f8212b554464458b4,95,0,Full Attendance
f93e08d5bea24dfe873f6e1baf908e3c,95,0,Full Attendance
bec39a379b3d44bda91e314e0c8e29e3,95,0,Full Attendance
e726be23e77648869534ee1d7f2984f5,95,0,Full Attendance
3ae909fecc8248da8696f5e64944051b,95,0,Full Attendance
3810ae665a3144cc8d4b69a99b689c88,95,0,Full Attendance
402913ec9ef2493eb0ac7d7ba2f963a3,95,0,Full Attendance
c478f6f1b88e4318816d83edad81f8bd,95,0,Full Attendance
2303f6c6d69d42f1ae4c84ffa8c01f05,95,0,Full Attendance
a0a11839e745470498dfbc3ca0d4de3d,95,0,Full Attendance
c9e260744f1649a08a17991ea5769411,95,0,Full Attendance
5d678bb1945e42e4888a93ec70d9c9f8,95,0,Full Attendance
e8dd5e5a17124b16a1a4344fbb7bee03,95,0,Full Attendance
6a5e6920bf5a47e693a3dd5a4b8c5bdc,95,0,Full Attendance
c958e75e21d54971b36749b52cf6bf75,95,0,Full Attendance
5da8d6d2f8b34a8ba05fb8bc8a16a06c,95,0,Full Attendance
45c45a3ee9da484a80759f1f87e5f0fe,95,0,Full Attendance
e9ff1cae41c84a8caa1f955ad499da99,95,0,Full Attendance
f7a67b947b5a411ab1b64afed31edf1a,95,0,Full Attendance
ded255d0bf1e43668b8e63d4ce7607ad,95,0,Full Attendance
77e490c71d7b43138de22f1c56b60afc,95,0,Full Attendance
c1101266240846dc9346d1a9f6802cdb,95,0,Full Attendance
ad238d36dc324c97b9c1e262f76c8ede,95,0,Full Attendance
65bcc272fadd4ea3aca5e2fdb966442a,89,6,Illness
8eac0a33cdf944a79882b5c1f79efd70,95,0,Full Attendance
6502d6a2ca6a4224971e16cc5da36f1b,95,0,Full Attendance
1fa382e8895c4d9983b38eb403902c5d,95,0,Full Attendance
bfbf397bac3e4b0d9e5ba13d746cdb77,95,0,Full Attendance
618ae30595a54afa831d029fac1e86d8,95,0,Full Attendance
5f18e583f0b6483fa377f6f1d289f0ab,95,0,Full Attendance
78b2b5493bdb409eacc216a01bbc91f7,95,0,Full Attendance
f1738856e25d46eb9e9a9f83066803ee,95,0,Full Attendance
9c2e58deea4e461793f8382b8fb864e4,95,0,Full Attendance
a2a9d4d8102e4de5a5cc8bf738ab854c,92,3,Other
b379cb1ee8cd40ccb6da3ca0d2e82f38,95,0,Full Attendance
1dde7969688643dba6348e784d5c55c7,95,0,Full Attendance
0986bbebf23e423d8b9bd93423c86d30,95,0,Full Attendance
1dba12677e1c45a1bef518a64dead645,95,0,Full Attendance
899ca782e3234d1abc1bdacc18e19331,67,28,Illness
5efa9c5b74214f46a37e4b0122bae10e,95,0,Full Attendance
b24cc64fbe3e4e57b30a9e32aba4fc03,95,0,Full Attendance
965befdf6b4b44118a4a0e2df22b5b98,95,0,Full Attendance
e2aa7a5d278e400dba0266efbe055787,95,0,Full Attendance
d56ce8ea19594b5aa7a8f6366a35df59,95,0,Full Attendance
f065c817687a48509d9b62317d45d8ef,95,0,Full Attendance
b0b63bcf08604833879d0cdaf396ea37,95,0,Full Attendance
71d7966571814dcfb79efc6e5edb0d3c,95,0,Full Attendance
5cd8fe1adafe48a9bc71e0bef3579560,95,0,Full Attendance
5e09a9eeaf884decbb1e143b196f4dfa,95,0,Full Attendance
a5135ea0fa53434da6d5901d8b621d41,95,0,Full Attendance
46a02a9b65ec4acd8f8035f55bd20c98,95,0,Full Attendance
f2f25eef1f454bfdb7dc67e030974b2b,95,0,Full Attendance
1777e8cb74684b9892fe2fded918b3e5,95,0,Full Attendance
a3b5cecea4464e72b64c911aa9ab364a,95,0,Full Attendance
0cf2b69b05774ea9b899924698de8ebb,95,0,Full Attendance
fd235def3e5a47e39560db22c96b5edb,95,0,Full Attendance
34885a4690884eaf89776598203c8c25,95,0,Full Attendance
8de08fc2c3e14a85946ef10411906f50,95,0,Full Attendance
d0243d723748467f961d33ba350843f0,95,0,Full Attendance
c63d04ee541c4a86bba5cd2fdea45c19,95,0,Full Attendance
989240ace68943a989e48e8c25c61c45,95,0,Full Attendance
fbe94499dbc040fd86fb7bf300b9d4a3,95,0,Full Attendance
8a4b8f7c21474a15bcce96f6250a4578,95,0,Full Attendance
1c24220e2cab47e78c6b66e5402adf9c,95,0,Full Attendance
21bddb41069947319dcf8766a93b12cd,95,0,Full Attendance
c9d6a63bca3c4f5f9bb5c40c03cde2e3,95,0,Full Attendance
040a3aae52e24fd996bf10ab3ce915e7,95,0,Full Attendance
20733f6d0d6a45b383ef20162c9b662e,95,0,Full Attendance
1d181ee986ad4a8cabc4123ebde13c1b,95,0,Full Attendance
72c22a1679eb4168904556e5bee3eb79,95,0,Full Attendance
97fa7f04836340079cae9610c72c1fe3,95,0,Full Attendance
38b77c0780fb4296b3b6a09b1beaf6ac,95,0,Full Attendance
ba2c98ce0b19488e9d77a45ef206c269,95,0,Full Attendance
a8addf36ddf245eba8a3f341c8819065,95,0,Full Attendance
a4b1f991754246468d37a539857dd3b3,95,0,Full Attendance
ffa361be0f9240e187f97d05f6ca6b8b,95,0,Full Attendance
6d20449666d0437198e88ebb7a9e8eef,95,0,Full Attendance
b65feea97d8242649ba362e7afa415e5,95,0,Full Attendance
e63658c912d0498db18d4d05e8e22743,95,0,Full Attendance
25f934bf9bb941559275eb9414aeaf5c,95,0,Full Attendance
9fd34579466742cea04e178c10d08d11,95,0,Full Attendance
b64fa54a8c61465495da75c1a21150f9,95,0,Full Attendance
98eeac2bfe9f4caaa182f347533f5a72,95,0,Full Attendance
816bcb9f742641938b7e6b3c87d292a6,95,0,Full Attendance
cb08587d1963426dae218b099afd4015,95,0,Full Attendance
a79b44b6da504fed9d4a3d81b3a7d0e0,61,34,Family Event
8d244e3ec4da4ddba0b15abaa6a27967,89,6,Other
6e191042370b40639d90e79eb888f6ed,95,0,Full Attendance
69efafb13a7e4e14a359eee173991a47,95,0,Full Attendance
66132e697418410993d1bf0f56c438e4,95,0,Full Attendance
50032b3518574bafbac7e2b96a7e4c36,95,0,Full Attendance
4140752caa44425990018b7b6d4067f4,95,0,Full Attendance
afd380c42713482cb41ea3ac5fd23109,95,0,Full Attendance
175a81ec112f4612b9699ed2ec48bf55,95,0,Full Attendance
6e8f75a117dd4d8195da705cd4ef00aa,95,0,Full Attendance
5f65c8cebd214c11be9d61ee18b87245,95,0,Full Attendance
0f5ae9d38e6e4003a14f3f12cfd01cbd,95,0,Full Attendance
8fca7b6a8fc44092b4e559e596229348,95,0,Full Attendance
692ac1391f4a4ca1ab85fd595463adc7,95,0,Full Attendance
f0ede303aa53419c9fa4bb9f5a856750,95,0,Full Attendance
ea74bb18de3b496fac4596f6c012a0ff,95,0,Full Attendance
49a214aef7e848e58d2b91efb8976ec5,95,0,Full Attendance
1a85910d5a054c118ffca6b199b479d4,95,0,Full Attendance
279c658a36764ce581e5c9f693f277cc,95,0,Full Attendance
d8e7012f39684c81bb70c3b8a81fdec3,95,0,Full Attendance
8e676a01d86a446099a1120e1bb43332,95,0,Full Attendance
47503f1dc33a4f6c9d691fba5e187b24,95,0,Full Attendance
6dda4f8dcea64f4cb9e58ff092f837d4,95,0,Full Attendance
c4767556f97b42dd8f9b72aed85c16bd,95,0,Full Attendance
accb461a9d1343639f294a8bd1846c39,95,0,Full Attendance
9be7173706b842318e867f3ca487eeab,95,0,Full Attendance
b18753e6d4574ad9a867a096edd877c8,95,0,Full Attendance
45f50c522e2f4f77876979d644777442,95,0,Full Attendance
ebe9e2074f194ec0832d4526b3e4110a,95,0,Full Attendance
2e7098380190462099dcabd056febfb9,95,0,Full Attendance
a847bce790fa4b57a4ac2130deaf528d,95,0,Full Attendance
bdb025ff245145a491d059b26699cd99,95,0,Full Attendance
177d6e7e07d944ceb8c88faea2178f84,95,0,Full Attendance
604e46cb371242d187cdb6a1bf012e32,95,0,Full Attendance
284bf96257444596b42221676b7a2460,95,0,Full Attendance
530ac1c7b8ba43688fc777685ebbcca5,95,0,Full Attendance
98a21f1c914d4faeb10013a7c6deb2f0,95,0,Full Attendance
27d415b60d7745a0a222b6a615bfbe97,95,0,Full Attendance
0cbd3c039e2a44ac8122b5b3284c03d2,95,0,Full Attendance
716fda0a45a8482994e286e5ac8936bc,95,0,Full Attendance
9b69554d7c54435fac8c3b6aa974d079,95,0,Full Attendance
372f871a45ee432daa07f2137129cec7,95,0,Full Attendance
585d3f861d2344e6832920b7c143f426,95,0,Full Attendance
ad9fb00d4882473c9c6345ab6e0ed1e8,95,0,Full Attendance
86e527537c9346cc97d7a560adb14670,88,7,Illness
3873e57f0ba048e88ef492c1aac93316,95,0,Full Attendance
0e0630cd996d4c50bc04a168652ffb49,95,0,Full Attendance
f200c2614d2941abb45512f701f7c7ec,95,0,Full Attendance
c3a00c6f232141e1847104c036136e15,95,0,Full Attendance
1eb74b5653ff43a28a1935014169b9fc,95,0,Full Attendance
6e3f683abf3c4140bf54a51101fa964e,62,33,School fees drive
8857511761554667a112507c2cfa55b0,95,0,Full Attendance
8f0881ee8011416bbae88926b423ccde,95,0,Full Attendance
5aaab32fce6342b6ab05347fd556b37d,95,0,Full Attendance
bdf66ba5dc9c46dea5a674c212738a23,95,0,Full Attendance
75b2745504cc4edeafac16730ad45230,95,0,Full Attendance
5024bdc6dcb34df393eecdc6ebd14d2c,95,0,Full Attendance
6788420992ca425aade593329364f3d0,95,0,Full Attendance
4a1dab326aed4dc7a3e05309b5a1b949,95,0,Full Attendance
f758dce205564aeaa7b032831d7c0098,95,0,Full Attendance
f296d9f0cd2342c2abffe17b532401fc,95,0,Full Attendance
b08a4895d4ff4666b5c8e90d9e3d750d,95,0,Full Attendance
6fcc57dd168f4e129ca260c9eb7607c9,95,0,Full Attendance
6f887f283e494d099b19d8b8d8302081,95,0,Full Attendance
1422373f862248d1a683e10796c044d0,95,0,Full Attendance
beed10b64f6e474b9edab0276550f74a,95,0,Full Attendance
c77444cb55434c3cb8b8f24e56ea57b3,95,0,Full Attendance
a21b030782af485c938d994c2b0abedd,95,0,Full Attendance
31a3ac4d828c47e787d5b7be1d30d990,95,0,Full Attendance
59e1ac095970485986b6e4ade7ea8d5a,95,0,Full Attendance
a53bc024d1a64d87b54e2019ba35844e,95,0,Full Attendance
1a5165ca3c7c4d85a5cf0041d0a643fe,86,9,Other
2c6a6e9a328047a18187222b257d5e52,95,0,Full Attendance
c257cf73c29d482ba722796e9a36d1ec,95,0,Full Attendance
f387e1bd2d5942c6934a5a2fa7cf705c,95,0,Full Attendance
76c5a0dc7e7e4419a0c14035c5d95f51,95,0,Full Attendance
9458054ec2874f069050f7efc1235c91,95,0,Full Attendance
e1cde87fec954f87ae5ec36572eb7474,95,0,Full Attendance
fc8d5b93a2a2491fa49b1cd99082889b,95,0,Full Attendance
f891b0c3dd3f487e92bdc6619fe0a8c7,95,0,Full Attendance
70944bdb26a544e390ee7a92a09151e0,95,0,Full Attendance
a1a2748571344c2ab80b3657117b355b,95,0,Full Attendance
97674900465143678bdc43184d85a3d2,95,0,Full Attendance
12fe28bf81e044899a18e2a30e614bcd,95,0,Full Attendance
09a0a0f673b04091b634c1694f76e388,95,0,Full Attendance
497de16dd4ea420a9e6596540e9058b6,95,0,Full Attendance
fa34d2e8dd3f4d7ea508dc9513a4a492,95,0,Full Attendance
98159d6c9d714084971dabf9daf481a7,95,0,Full Attendance
949077c27674456fa26d719d81cf3252,95,0,Full Attendance
bd29ede9cab4423bb44883858de7ad6c,95,0,Full Attendance
e8b77f7b73214f6b8a8076ece5582e16,95,0,Full Attendance
30307633a6de41d8925817b7cf501889,95,0,Full Attendance
80599b9379c242e49ae1a991524f93ff,95,0,Full Attendance
73557b9d0fd6447eb52d4af2269ed4c9,95,0,Full Attendance
d65e59dde62d4d068f9b85581a7f195b,95,0,Full Attendance
15969802b6dd4257bb7d9f1c57eb89b1,81,14,School fees drive
0a0537f02c2c422ba56895c6812a1f9b,95,0,Full Attendance
fdb1429e70104d13b526b22d3f6c21f7,95,0,Full Attendance
9c1c351785d240a686295b5d707df251,95,0,Full Attendance
eafde7d95f734a3e9d286aa428a39779,95,0,Full Attendance
c643530068a54c68a32dbb5e486bb6bf,95,0,Full Attendance
0d67d38e990f4c5badcc3daf569f3ab3,95,0,Full Attendance
55ab946da5b54dc2a181c85eca0ac6ac,95,0,Full Attendance
8ed6ad5e18314aa394669d1910df9974,95,0,Full Attendance
4082cbb948bd4b3ea2f5df2badaa44ca,95,0,Full Attendance
f6e39356a81445629a003f16b9469bcf,92,3,Illness
267eddcedf8f41979a4a99b2e806133c,95,0,Full Attendance
a9e27ba9952e4abb94dd5061555736f8,95,0,Full Attendance
4f6b58c8598d4aecaaafe5432434a678,95,0,Full Attendance
a981b098b2cf452da7f333b3f7baf55e,95,0,Full Attendance
b576255e98544f22a102f9c964575bc4,95,0,Full Attendance
8f1584494f40422f95b02530f020e992,95,0,Full Attendance
54170a17caaa4bbea4bbf962606e0e1c,95,0,Full Attendance
b3ecb951ab8c4f97a0b71785d02ce0c1,95,0,Full Attendance
ff4625afbd20463bb275b5f3d436a7a8,95,0,Full Attendance
17ec889c86c146cba99630f7af77520e,95,0,Full Attendance
822c4d326c644c15aba301cba561e1e9,95,0,Full Attendance
4f11d8dc5cd3436984aac1b75ca0c428,71,24,Illness
577bc55a36d54494b37fd50d2e25b5ee,95,0,Full Attendance
312741487c7c404e8422d03ef29a6339,95,0,Full Attendance
27aa7cbc23374bbcbffe77c839feb99c,95,0,Full Attendance
c9c23e69d82c45658bb907ec13c11754,95,0,Full Attendance
8a2e6a93c5584bb281f7f3fb19e45c6a,95,0,Full Attendance
86cac6f4e2384e93bd17c5e8d5ca69ab,95,0,Full Attendance
e05b46c556364094a97431db09a9d1c1,95,0,Full Attendance
98e52499218c4e1c9e374f7ac42cbc39,95,0,Full Attendance
2e4bebc429894880a77d1be96070b6a1,95,0,Full Attendance
9feefdffc5664a81b15e54f6d4d30795,95,0,Full Attendance
b89f72f32a604652a7147668cf1d7d3a,95,0,Full Attendance
5d42b9e9692e47b68b2f6d5c700b5d5f,95,0,Full Attendance
f836f5713cce476cb836c448ad261ec5,95,0,Full Attendance
c09cb50648f1496d9c4ffb4671b701aa,95,0,Full Attendance
3be79df472ec416e88a723e9bfa016c2,95,0,Full Attendance
f73157494f3949a8bd3a258288b4f474,95,0,Full Attendance
e76adca97811480288cc7cfecf01f944,95,0,Full Attendance
ada584175e2a432db1ab0b56d5c9fdc7,95,0,Full Attendance
70cafdd8fc044f0892070158f2771f63,95,0,Full Attendance
c73323044822412084f9eccd7630a8a7,75,20,Insecurity
6b2d5b0987074ad480be7e3561c2645a,86,9,Family Event
331f63fbd11f48c0a97ca4fff75d599f,95,0,Full Attendance
df7d0dd7236e46089acb394acd1f5318,95,0,Full Attendance
7b07fd31a4244f238d5ba7cd400035f0,95,0,Full Attendance
ef2ddcc48df641da9f07c1a5dfc620ce,95,0,Full Attendance
8412a335d88c456db61e5fdb1a435206,95,0,Full Attendance
1578d70948f943d09feae1e0d9e604b3,95,0,Full Attendance
7306958845d5468da90a3abbc35b9fea,95,0,Full Attendance
d4bf7a4b25b8442f836b15c7e7c225da,95,0,Full Attendance
e916da57f24843ab977a8a5f6ffe33b3,95,0,Full Attendance
e27718c5737d4fb6911376e038d77b9a,95,0,Full Attendance
6a36af1806d34b93ae33688d597e6845,95,0,Full Attendance
5fbbf0b1808349c8a57e01c90da23e5c,95,0,Full Attendance
14e4180cfe9946a3a2dbc8503c5bf3a7,95,0,Full Attendance
519554e307374c86b97b5f515ffa46ef,95,0,Full Attendance
b6f6dbf1d6d441cc995d82f8ee4a9b5d,95,0,Full Attendance
25637cc3ca974bf595d596afa663d2cd,95,0,Full Attendance
eada79a349704d9a89ce3cfb2339ba19,95,0,Full Attendance
d4c3a832b231460bb8f2ce6bd46b415d,95,0,Full Attendance
781799ffb49e44cc824369e72387eaf6,95,0,Full Attendance
e7e646c7015844639d8776a072d78bdd,95,0,Full Attendance
3735262d41844b0384dd7054144823f7,95,0,Full Attendance
f0b2a5d18c7e4f42a646eaf9d5c0244d,95,0,Full Attendance
6c5a6c93871c48849bdf90f2ba2c0f19,95,0,Full Attendance
3cd5fd7f49c1466986b33fe61c76bdf6,95,0,Full Attendance
3d0a5f0c0c394ec79f3174054d183eba,95,0,Full Attendance
9f708368cb3c48caa39257316b79afcc,95,0,Full Attendance
d6312a801c614ec290142131750565f5,95,0,Full Attendance
893ad23298c343cabff4cec6e7b7b4c6,95,0,Full Attendance
93364f7e83ef49f3a1c7cc8a04351b64,95,0,Full Attendance
4a90cd0c24c143b9b7f285723defa849,95,0,Full Attendance
5a5226e69d6449328066853d6de299a1,95,0,Full Attendance
2ff3cde46aa44c9f921704753d959e3f,95,0,Full Attendance
8603156a15ea4bcfab1021ceaa143cd8,95,0,Full Attendance
f412436011534e999c508720f982f4e0,95,0,Full Attendance
c952518581e04a5e8b48f49686abd4e7,95,0,Full Attendance
0534a1018ddc471981f38dd4fd034ada,95,0,Full Attendance
0b251279785a45d09f92a62163f4c69d,95,0,Full Attendance
5f90bed6fb25464da30aa767a2bb522b,95,0,Full Attendance
5b6a810204284378bf5023f440ef3935,95,0,Full Attendance
3dba6da8584449fc914b9547c9dc72b8,95,0,Full Attendance
1a89b71ea0d542c8a837fe68bba205ca,95,0,Full Attendance
c1b5b5cabc3546df94f79dbac5811d2d,95,0,Full Attendance
5a3045280b594562a227219f551ff086,95,0,Full Attendance
a48e40f1d0424dfa96ab087a8bc78e81,95,0,Full Attendance
af475b49c7754395949405f02cd2a404,95,0,Full Attendance
7a8104deb20547bbbb16f75776f186ab,95,0,Full Attendance
2285b2efcfbe4fe9aea9c542a1b970d0,95,0,Full Attendance
f1901b7ec6b449efb74eba9310275b53,95,0,Full Attendance
339b77a84b1f4d7b8977c513752a7d25,95,0,Full Attendance
e2c328aa331044758a8622250b36e356,95,0,Full Attendance
4f612217eef1469490cae32d0aba590e,95,0,Full Attendance
d0be73eefd374539a5f202f983f02dc7,95,0,Full Attendance
095ffa8140d94bceb930ba208b040f49,95,0,Full Attendance
493e904d30ec4796a59b457fc0d7ac73,95,0,Full Attendance
0c3ce284c7e54bbb9cb51c535b62a8df,95,0,Full Attendance
45f1861954f94429a7de02ccdda4f4a7,95,0,Full Attendance
6fdc0bad5e3641278ca1b45c1fdd980a,95,0,Full Attendance
7092947dbe4949eca667d3bbe3b56360,95,0,Full Attendance
56cb1ab062fb46d7b4dbca07e506f670,95,0,Full Attendance
b12b66807f074cb9afd340c0f945f2fd,95,0,Full Attendance
cc1b4157ec9f4c549e0a72ab7f5db163,95,0,Full Attendance
15260718cd184a828447ceab84ef4324,95,0,Full Attendance
6e3c453214344f62acac028cba220065,95,0,Full Attendance
2e326567d284454ebebec0db9a3a6103,95,0,Full Attendance
1a43db54523a49938b3446bc8ba435cc,95,0,Full Attendance
4baf0f5ea932409493f28f11147f6570,95,0,Full Attendance
b7b8c1a59a45493db227890e4e76833a,95,0,Full Attendance
71a3fad2b0944d2aaaa93b436d15f16f,95,0,Full Attendance
ba1082170ad749a2b27716ec59fefbbc,95,0,Full Attendance
9d66e8155a4143b3a95f176cdebac186,95,0,Full Attendance
a3b442bd46494296af5842c3ff86cc31,95,0,Full Attendance
0eaf04b5f2a94c8a8a9e4a62fae3114b,95,0,Full Attendance
67fd64c4a334458aabd2b5121335e5db,95,0,Full Attendance
bff9507dcd14403e83599af65d01f55f,95,0,Full Attendance
07f8d4f0f3ea4184a8f4e3ceadedda80,95,0,Full Attendance
ad973b679b8945cb9942644c248d31ec,95,0,Full Attendance
20509c6208e845d7b02c1821c8040fb7,95,0,Full Attendance
a52964ffc74c4890bc6a3174113634a5,95,0,Full Attendance
f31046dc62024ee69cb5e69c5dc7b3e6,95,0,Full Attendance
2747b93c9ae74eab884a67809136f1f8,95,0,Full Attendance
5ef787b8f2e6495fb32e2016add702c9,95,0,Full Attendance
13aec376c359410ab1a6014c5f3c44dc,95,0,Full Attendance
5df06e8c878a4ed9a33ffc8292ec89af,95,0,Full Attendance
4758367ba6494cdc907b907265e58f34,95,0,Full Attendance
06a241af1d0a47f7b5e4a4713fe68c9c,95,0,Full Attendance
848af4407fc14858afa0d842bc55300b,95,0,Full Attendance
1e2595b88fc9486ba9ddebf563119aca,95,0,Full Attendance
b43bd27f42a249a6866412854303cbc1,95,0,Full Attendance
9ca3fbb3ff1148bab6ee1640723ef466,95,0,Full Attendance
ffa623d0ea9e4c8db1a8b71f491b90e9,95,0,Full Attendance
22bf18f51f654a87b33ee3447dbf4bc1,95,0,Full Attendance
2c33350c73b941d892f5131ada52d2ee,95,0,Full Attendance
ff4c96d671f24e8fb69f68c3e60fd420,95,0,Full Attendance
f7b217c7ae924a718f7dcb431679742f,95,0,Full Attendance
aaf78c6751d04109bc902838d8741408,95,0,Full Attendance
8ccc9cea109f48eeb5a4720058f0dd23,95,0,Full Attendance
4cc9f5f2e42e40378a552ea08acbbe09,95,0,Full Attendance
b5a5f8e6b6394f04a8524385d9f2dd0d,95,0,Full Attendance
2c913a7ca3404f08b34191b8ed6522b4,95,0,Full Attendance
3967e60a823d41079c8ac066cb2fafa3,95,0,Full Attendance
cac4d0eb3373430ebc31a5971f119c0f,95,0,Full Attendance
7e7838c9ca55438bbc9abe10238d6f44,95,0,Full Attendance
9280c5aa8dd4495b9c63b6f306ba8cd3,95,0,Full Attendance
fba6abf7cdbc4653b7a7e8b75e70f65f,95,0,Full Attendance
e25df9a89ca845c4a138afe08d38bbd8,95,0,Full Attendance
65edcfe34f2d4d3f90d4de39161237c9,95,0,Full Attendance
7a89cbebb807478ab788f5d1ffe575f6,95,0,Full Attendance
68d0a2a8c4e747dda929de738693fd9d,95,0,Full Attendance
20156a7212e143a6932cae01d2c65ee4,95,0,Full Attendance
12fc7a87a4704d489128b9b1f8ede0ca,95,0,Full Attendance
8471b4b0ae1b4f69b740d83173318749,95,0,Full Attendance
d43cdd6de0c14f1ea0da897258321ee4,95,0,Full Attendance
96792482a3c948e48d2238e6c7bf4fbc,95,0,Full Attendance
21084dd9f75d4e3c848d56502e9522d6,95,0,Full Attendance
de431e06e924406980bbae526ec01269,95,0,Full Attendance
84a2576c1fc945f894d607350e2f8958,95,0,Full Attendance
2976aab22a2647708ddb1b36272c0588,95,0,Full Attendance
39b86bb2b5964a7caf4afa885299e505,95,0,Full Attendance
84d67c4ff0df4684b28e41225894f7f1,95,0,Full Attendance
143029a9d88f4c9488b763d5e519dd7e,95,0,Full Attendance
f4d375c1a29349fab240d7a14027ab7d,95,0,Full Attendance
a0017720200b490386426c458d03f17a,95,0,Full Attendance
17eaec838892442f9d4b2bf94d85e9c7,95,0,Full Attendance
9780c2152b2b48e9a417c09380a8a23d,95,0,Full Attendance
2bd3cdcd2779468594a53fdef10d27c8,95,0,Full Attendance
e6e987cab87b43849fddde2ea8a2b7ad,95,0,Full Attendance
ec86a890d7b04bdc966e3cbe9aea622f,95,0,Full Attendance
dd20c3bfd3424f088a8bb5b490494583,95,0,Full Attendance
f2d3f7610ba3427994cb056407437c3b,95,0,Full Attendance
43c07d4393a747928561b8dca4364fcd,95,0,Full Attendance
92779574c4574cc3b5f789bca6b07458,95,0,Full Attendance
07c0d116a3944d549e3c5a886aa56e6d,95,0,Full Attendance
8baaf744a08d421ba3954cb17f7f6c0a,95,0,Full Attendance
4d560a3df4e7469aa45409374a27ebf2,95,0,Full Attendance
ceae71cfce004af0beb051817ba24588,95,0,Full Attendance
741b77f54c244053a7f5ae02af5b8f47,95,0,Full Attendance
2877f5d90f5645f8b048faa112ae5c22,95,0,Full Attendance
76e5ae787bf741d3aa662fce7089fc6d,95,0,Full Attendance
24c778a59b4e464b9716dc2e343ada2a,95,0,Full Attendance
51beb80eb7e6414c9c8a49225005680f,95,0,Full Attendance
586a346adc5b47d1bcef1972bbf483ce,95,0,Full Attendance
c2baf0e0217943f0a6124ab4f9b21e6e,95,0,Full Attendance
1b2ededb8fc84fc083d5bceb5edbb8ee,95,0,Full Attendance
1f5d988f776a4f09bde2885951b1943c,95,0,Full Attendance
24108e9a3f774caeb318b96d44790612,95,0,Full Attendance
f204be894a4b45638cf477ef18c8a616,95,0,Full Attendance
6b0ae0e39d8940479d39d7936257a4a2,95,0,Full Attendance
e6fdd7afdd844accb67294643f8ea40a,95,0,Full Attendance
ef0a573d53d2456d9040158728e213bc,95,0,Full Attendance
3098f7b2500e45c0b89bdf7f93e34c35,95,0,Full Attendance
fef7d9ea7f8e4483a8caaa1dc35bec2c,95,0,Full Attendance
e10b1a477fae4748b781321e83c501cb,95,0,Full Attendance
170d750705ee41d4bf53a88e4efc8248,95,0,Full Attendance
750d112e81644eeca4ab851bf1fac6e7,95,0,Full Attendance
95560a2d37134466bda06476f778c676,95,0,Full Attendance
4806f8040cf0474c8c74dc0f5a575539,95,0,Full Attendance
d7c4fe9ce1e04ffc98f6fd7f7eb162f1,95,0,Full Attendance
4926ce5f78784140ac2a4f71a77d95f1,95,0,Full Attendance
1b84edc3d8e049de8217ea0e896490ab,95,0,Full Attendance
43b47ee5e1e84e7ea2498f666e51484d,95,0,Full Attendance
673ba8bdc38c4dec9da39a73ba3df7ff,95,0,Full Attendance
0d18ab95668c44778b95017c5dae1201,95,0,Full Attendance
5cce5ba931d44e098fd33afc91fdfa4f,95,0,Full Attendance
62e7c1a612d24a0689e1cd138da00495,95,0,Full Attendance
8cc36f3bc3af4cfeb34a6ca38116e3fc,95,0,Full Attendance
9f8cc29ffd354c5f93479a3b479bc637,95,0,Full Attendance
20f0156a1e6a46289c6d52d5ae2e9af9,95,0,Full Attendance
5f89ed1264d64fbf98c01e2bf99f0704,95,0,Full Attendance
8ece112856ce4b42bc9e1dcbcb7e6268,95,0,Full Attendance
24eeb4a6c14545c79d986115f05eeefe,95,0,Full Attendance
66c14dca82554a619a3b031932f57510,95,0,Full Attendance
09f644050b9940348a4e255280051b10,88,7,Insecurity
cdd0b4d4554247deb6adf48b2314d0c8,95,0,Full Attendance
2620f9a974fd43d184f2fd0f79474bfa,95,0,Full Attendance
23c8afdb83f84f16a4a4474c9b33e3a4,95,0,Full Attendance
518b2f219cf24859ae6e2e7253f591dc,95,0,Full Attendance
9dd2f9defd984e33a498abe92999bbef,95,0,Full Attendance
97fe56c54c9a4f2497b4c294bd44089d,95,0,Full Attendance
827c9f8cd40a45e981df6517561c9210,95,0,Full Attendance
901bcdefb56f48cebd66971e88476c56,69,26,Illness
044251dbd0d44a67b9928faa4cbf131d,95,0,Full Attendance
1c0f0bdcac7e437c94cc1e2a5e4cb287,95,0,Full Attendance
4ec3f970956d40e4aaa26216fada98f5,95,0,Full Attendance
df41e335b9ae48e4a61599c8cbf81f86,95,0,Full Attendance
98cf118806d24913a1173719b023a0ea,95,0,Full Attendance
a7d4cf50f79141e583f9cd6b797ebe87,95,0,Full Attendance
9416e4dcc6b24defb8d8b7f1c86c6544,95,0,Full Attendance
0d259caab8ad4d87ba4045dd93dfd907,95,0,Full Attendance
863417182ba64db3bafeb1149561c813,95,0,Full Attendance
c64c96479ea7417cb89f7039a107cc46,95,0,Full Attendance
d25864f225d440fca1542765d756ba9c,95,0,Full Attendance
9293f70508154147be00980eae441e21,95,0,Full Attendance
30d73df71c224ceab35556a5f2bd92f2,95,0,Full Attendance
6b352f85504e4687b0e7e75604d9145e,95,0,Full Attendance
34323ec6b0c4401ca9b7c0fa26c432f6,95,0,Full Attendance
9c89d374c66445a780773e33690e7e62,95,0,Full Attendance
d92f3c1edf704b2ab8bb22a5eba742d2,84,11,Family Event
b4adaf890ff14a9fba370623bc5fd4dd,95,0,Full Attendance
8f9646853514489084c86c4623595fa4,67,28,Other
7a768555a9874218bf84faef5336723b,95,0,Full Attendance
f4e9573450524700a07796a38685abaa,95,0,Full Attendance
887b03e5e9804808b5ac824c2c55aef7,95,0,Full Attendance
ad05b9125ab24d4a8bd88fcd57a2be4e,95,0,Full Attendance
ae455cc6b88e430f9e1e994ac5a11f5c,95,0,Full Attendance
43ad3d62b17c4b218dbc2c1ca4afe7bd,95,0,Full Attendance
f514105831384975bbf33a349c2dfa97,95,0,Full Attendance
4c6a70f48ede444d876cf68c3f1be0d0,95,0,Full Attendance
fb756923f9104bb3b10532523990e2c9,95,0,Full Attendance
b474634949fc4cd8856bad4c4c3077c4,95,0,Full Attendance
7d2f4e58b47a4c5bb0b3901535102852,95,0,Full Attendance
8f7c1d59594b4a3abad465a15129950d,95,0,Full Attendance
b8beff3dcb9f4f6daf3a6f27ef06fccb,95,0,Full Attendance
92cf60211f33442d89ac908746015028,95,0,Full Attendance
e5508ea26133434d8b0e8eb1ad371d9e,68,27,Family Event
585abefbd1814f77a5001423faebcd19,95,0,Full Attendance
257f7595cdfb4db985e78b23f4613f09,95,0,Full Attendance
f48f709c49a244418ac4de854a5b1aff,95,0,Full Attendance
ec8be53758ab4778943b45e3b6d1f6bb,95,0,Full Attendance
bf51936241a64feda7edc8d8713f8f8c,95,0,Full Attendance
d3f4a49b33ba4a88b6c7d6fa7aa4f052,95,0,Full Attendance
8fe069b6eeda48028568f42689e03e22,95,0,Full Attendance
1bf645f6232442118588fc1bb2384849,95,0,Full Attendance
3d4196fe963a4617bdab07e79d9d028e,95,0,Full Attendance
e7ba26acab7a4d1c8cfef6833e11bafe,95,0,Full Attendance
3b9b2d45a35045e4b9c59df987f255d6,95,0,Full Attendance
548e1f6b69ce4e4e99a692c90d700ea4,95,0,Full Attendance
ae62990c19bd4f93b8ef7666b7a4c719,95,0,Full Attendance
f6eab3a001534221a3310a28c550eca8,95,0,Full Attendance
286ed390edd94a1aba585b278ce3e7c3,95,0,Full Attendance
e1721c83ef5e4376a723fb72682b163a,95,0,Full Attendance
a689b4247a3a40e1b9c773a0e0decc3d,95,0,Full Attendance
4988e418f6c3421881836315330f8be1,95,0,Full Attendance
0f25477da55940e78910fade52380bf2,95,0,Full Attendance
a6fd0cb116e645c084cb294fe86e8e63,95,0,Full Attendance
bd1a8f4b88ff4d40bb72c86d92fa675f,95,0,Full Attendance
098c60b3efc9409e99af6e09b91e3d6e,95,0,Full Attendance
6afa828c2cd14b9fabe5841fe9c96c52,95,0,Full Attendance
ef158d5b2d004d05966d4627e1dace6a,95,0,Full Attendance
d61169a1ff4646bf894d916deb6d2fed,95,0,Full Attendance
2fb21e667ed14aab89b7c9bc65a16fa9,95,0,Full Attendance
df4e713ef64e4dfcbfbeac7aefc59738,95,0,Full Attendance
0997623ae0724d968a1a81f5ed10f004,95,0,Full Attendance
9a4ffc0c916542ed8c636e95025f5543,95,0,Full Attendance
55c551fcfba54cc8adaf37661b780ede,95,0,Full Attendance
a42d0cd7fd354f6ab450388748d90846,95,0,Full Attendance
e3a68a707e714b558639bd418b15bd94,95,0,Full Attendance
811414f8d9df4d0ea25aed6cf0458043,95,0,Full Attendance
cf0e6d2b315c467a85d8a6ad77d0359e,95,0,Full Attendance
bb2aa1462999494c94a7b69b1cd66b09,95,0,Full Attendance
b7f60cdf41dc4c60a5f60735757b6b29,95,0,Full Attendance
564cfbd2bc924d81839b058c2faabe0b,95,0,Full Attendance
aca58d95915a4c308b86b5a1ca6fbff8,95,0,Full Attendance
9c6783932ced4c0db17304b5c1dd484a,95,0,Full Attendance
67ce378fe5a4483ba383889adb2c6ac8,95,0,Full Attendance
53f3007383e94ef4ad7df5d0d3b59af7,95,0,Full Attendance
186b2880ab544a15a69d01ff1634725b,95,0,Full Attendance
7a3a6e9623ff43d3bb4fb88a2f4dd219,95,0,Full Attendance
01bf9e733f804385af9240b652d78f10,95,0,Full Attendance
725d42593c4b4eeca231ee7342c2d2eb,95,0,Full Attendance
546252e7f43b40528459bd6ec0f63229,95,0,Full Attendance
92a81713b90e444b951c25d54d4c5280,95,0,Full Attendance
5c0b9b10a7574b1082f525b902ed73ce,95,0,Full Attendance
aaf407f70fe74149bc7e5368b1594847,95,0,Full Attendance
28e333b64e8a4c4bb72420411e43fbd2,95,0,Full Attendance
ec50ace480a54e65afa2855967c96204,95,0,Full Attendance
c5144d98b41c404fa346f415e5267a2b,95,0,Full Attendance
a38295d31e0e4546b0b6dedf4f9c4027,95,0,Full Attendance
5e175b664b87459fb0cd7f05ea87855e,95,0,Full Attendance
f515949438184fd3b889936a9d5817e8,95,0,Full Attendance
74797b6127374b52ba6a210722319050,95,0,Full Attendance
5fa5e0aa9b114530bd247c11bf6b8cdf,95,0,Full Attendance
e9ad0e9b8c9a41e9b3b263376a74dbb7,95,0,Full Attendance
cd4f8b2b899a425281e1b94a78883058,95,0,Full Attendance
c3093b6e37e942e2935ac07aaa0217d0,95,0,Full Attendance
98874bfec1364c65ae2ae3413f59e4f2,95,0,Full Attendance
86879aa914f543d089912032df85c777,95,0,Full Attendance
5c9deee0b42a445687365a84725e134d,95,0,Full Attendance
1cb9b73a906d4c8caad08c8913fe8a29,95,0,Full Attendance
e723ada38c324db2942a895e0fcf601f,95,0,Full Attendance
89628f6e929c43b3b3c08bf18167999f,95,0,Full Attendance
dabf984e53ff4461aa1f1b61265cb9d9,95,0,Full Attendance
ae27d4321dc147ebb11c767385351a69,95,0,Full Attendance
7d23d47995494a82b787ef8d3495311e,95,0,Full Attendance
720b274b82a74586a61d9cde1747f387,95,0,Full Attendance
21c71aa3741443b58e3e25f2cf0671c7,95,0,Full Attendance
905c7bdd74f04eaeaa5943ce836435e3,82,13,Other
ac3a812f765e4cb58f0d55400ec7d662,95,0,Full Attendance
0592bfa5b928423f8ee4334ece920136,95,0,Full Attendance
00c59f30d103442481241bb4655ce508,95,0,Full Attendance
12b2102d940c4503b7c86152beed0af9,95,0,Full Attendance
b34c6c7358334b30ac776e950b981ccd,95,0,Full Attendance
0f6ce9bffe7e43628a89b0f0105291d3,95,0,Full Attendance
fc737d9211ab4d11a4eb8000ef40d162,95,0,Full Attendance
497ec6d1081f46dcb8d9a88aef0bea4f,95,0,Full Attendance
22ab7752c4db4a62ae13418d68ab80ea,95,0,Full Attendance
bab2b77dfa744cc8a43afb7ac40d4874,95,0,Full Attendance
5fdcabbf6b9c471cb6ba745ba55871e3,95,0,Full Attendance
72d3545861ea4f30a42e707afe2bd987,95,0,Full Attendance
60a399d4e8214716aac80da1de9f6f5b,95,0,Full Attendance
f6d22a7baec74a82948b4376602a4e57,95,0,Full Attendance
220b9ea98a0f45089fe2c0a0a96b3c42,95,0,Full Attendance
1e5ebe54590742999c3bbdd8a74e02a9,95,0,Full Attendance
649f7d88898945abbe2b34d82db0728d,95,0,Full Attendance
fa8dae42ba544920a099d18087623997,95,0,Full Attendance
c194f97f00e3402695b6de85390239d9,95,0,Full Attendance
76876c624c61445eba7e5d9405d1fb63,95,0,Full Attendance
6c93a7918b604511b8168aebac6a7c85,95,0,Full Attendance
3acb43a3d2c74ffba118433b882ccd1e,95,0,Full Attendance
27b608dc589d4cb0b5eb89c23f5cf2f3,95,0,Full Attendance
e00da49deffa4002b040413c4690fb15,95,0,Full Attendance
083f64c31ce342f883f725feb99b2b5a,95,0,Full Attendance
9d6b9b626b534a19a902b73fcf39f648,95,0,Full Attendance
e39836bbe23d4faaafad49e9c41c147e,95,0,Full Attendance
1139fa1234c143eabd9c4e6404015ced,95,0,Full Attendance
7249f62c08984462980cb95c19d45deb,95,0,Full Attendance
df495037b40a4181ac09bdb799086e47,95,0,Full Attendance
0b531932bd9449aabea6e5b20c760d28,95,0,Full Attendance
8a2db2e63bfd48a6b05fddf566fadca0,95,0,Full Attendance
c6ac1b04dd1d4cd1811f6bf5379ef467,95,0,Full Attendance
fe54ee4b80ff4173a3dfecd70e731dd7,95,0,Full Attendance
ea98fef8d0d74e37bbf2025f4a0d2b73,95,0,Full Attendance
93d563ae51a34c26937bf79bbb44badc,95,0,Full Attendance
d18183d1ac2b4cfc85c51060991121e7,95,0,Full Attendance
e05277394d404f1bbca5be2952171bf3,95,0,Full Attendance
8570b59fa9034e67bc568b5324acb722,95,0,Full Attendance
46707cd64ced4164a9df14e9389641dd,95,0,Full Attendance
97777f10f2d2493f8e85140d0f9aeb70,95,0,Full Attendance
2cd58759e95d4761bc36dc59e134edfc,95,0,Full Attendance
8e4c3ab56d5d4477adc29178a0411612,95,0,Full Attendance
582b91eef8e8435b8c00988a7ee1011a,95,0,Full Attendance
61935990abdd4a8fa4b05c89f10bce9c,95,0,Full Attendance
b2414482519844d886433603c92a7d7c,95,0,Full Attendance
4cc57e0d26334018a883ac6e6a944054,95,0,Full Attendance
89b5aab0c12149dbaf12b150605fb1eb,95,0,Full Attendance
39b02e2ad96e484fbdb0174e7938878a,95,0,Full Attendance
24f43c62b52340de9b87d29c4cfd0fc1,95,0,Full Attendance
0ec0713dea2c4a51b688d11fce4758be,95,0,Full Attendance
6aa0426df7c045f7a9a53b4f8ff8869d,95,0,Full Attendance
636f6e5c2253470687ad8b268eaa5841,95,0,Full Attendance
548c1d84340d4049814765063e2bf9c9,84,11,Insecurity
73253aa3ec174298943df5b3a58e83dd,95,0,Full Attendance
891f691217ab48639efeef4fd8ddbbc0,95,0,Full Attendance
0d31812e30c347569453f867b97e6224,70,25,Insecurity
9adf4709ac754344a08e149e44b9e602,74,21,Insecurity
12a1fe7ddfa547228a1fc9df9a591974,95,0,Full Attendance
966be275c2fe49548dfd9531302b7831,95,0,Full Attendance
378e65108f10433eabe42e7db96c1163,60,35,Truancy
e8334da5de954695b579c1437ab99428,95,0,Full Attendance
e8b3d763f4ff4f3a8d9dbaeb553d2625,95,0,Full Attendance
30a5648eefe943d0b63908bf03ece8ff,95,0,Full Attendance
bf337a151e084f20bdd151b0f64ab6ec,95,0,Full Attendance
ea18d32c7a9a4ef5811bd1c4ffe3f366,95,0,Full Attendance
b42a2d939aba4f15b21490623e1a963e,95,0,Full Attendance
3d44cb2cea454a41a589ada1345af934,95,0,Full Attendance
48769153c68843fe92555c758d55119e,95,0,Full Attendance
a6129a1c889d4b76b75c30b561730c48,95,0,Full Attendance
5c11ab6d42f543f58ef4c34d5bf86f3c,95,0,Full Attendance
774c0afa7f4d408ca1fff6c08347f1da,95,0,Full Attendance
b8f0188efb374fae8d8563ca193e638d,95,0,Full Attendance
51facefad6f84f7a82fa1da878308631,95,0,Full Attendance
501ba8515ee64495b40029c3ea11905b,95,0,Full Attendance
dd34aa1890014ed48bb401e769f753f1,95,0,Full Attendance
0426fcc9255b40e2bdc2b74b38a56b49,95,0,Full Attendance
95831d58ef4c41198da5d39b42c21797,95,0,Full Attendance
4b91b8cb6ae64582b852b3cd9442b5e6,95,0,Full Attendance
3ae2802354724d2db2399ffb27046f25,95,0,Full Attendance
3ee82983d557424191ddb9bf613d2de9,95,0,Full Attendance
f186e47aa79443208cf6e8b87fd238c3,95,0,Full Attendance
c36b9a0a41e04a89966a9ce7af521b94,95,0,Full Attendance
b93b17fbf76d45fdbd1645a0d253d966,95,0,Full Attendance
75f8e3a87d974c0fbd5609c4a4461663,95,0,Full Attendance
5a2837b2cb8343f2bb96f6022b115c36,95,0,Full Attendance
8bea75c1b86647aaa3d4526b2b54ff7a,95,0,Full Attendance
e3ad64d4eab94b02af1dc1217d024c6d,95,0,Full Attendance
f50d7a37a44d4fecbd85d7fa8ac97b01,95,0,Full Attendance
d6cd315508a84c7f862138ad0f09105c,95,0,Full Attendance
d1682e09f1f7490493075157d8c128e7,95,0,Full Attendance
01a25ed1c3ab45f18c6b7074ab102c9b,95,0,Full Attendance
a175a9c3d7b142a9a332a50e6992896e,95,0,Full Attendance
26a9e100b509409b916658ce3b3f3800,95,0,Full Attendance
74bd0c9381774661b7fe032c02571851,74,21,Illness
a3422e509e2a43248f79a8a75f8a14bd,95,0,Full Attendance
e9aa144b9dd44675af145064aab07015,95,0,Full Attendance
0406ff447ce44679a8c6dbc07bb3447b,95,0,Full Attendance
694d7b008d384327883f13c601b158e9,95,0,Full Attendance
b8e19f5687874a2184482a220308aa5e,95,0,Full Attendance
49646b96fa3c4628892621df465568b7,95,0,Full Attendance
b2a6e468d02b424380913ac10463750e,95,0,Full Attendance
f090f5a0ce614199ae3a0ba8ac8d6c7d,83,12,School fees drive
eb053fc41b654dabade46e91e8e6e840,95,0,Full Attendance
3db02235261e4555863e1f2a18a806ef,95,0,Full Attendance
409e7a8086c541d69ea9f50831227592,95,0,Full Attendance
cb80f288446f44dd9abca6e5d0b1e3eb,95,0,Full Attendance
f5948a545f804eeb943a9aff659b0105,95,0,Full Attendance
3e42df5b90a34bbfb580e05067f1698c,95,0,Full Attendance
4ccb235539d147ffb27e1442fd7fe973,95,0,Full Attendance
14a34f7fd90d419b93fbe043af1d5a1a,95,0,Full Attendance
a65f7b8adbb44021bdde64afa75b395a,95,0,Full Attendance
67c0518b17ef4621881c79d4c27437eb,95,0,Full Attendance
79db78628d7d4772a08e2f5c61177270,95,0,Full Attendance
b3eda8f1026b4383a301ec030e5d8c6a,95,0,Full Attendance
d867888b7ff64824952aeaec2bdfcb41,95,0,Full Attendance
54ce26bec8cc42c2a518a4186f14b3f6,95,0,Full Attendance
f94d8fcbdba3496fba323f6990dbfad6,95,0,Full Attendance
eb4d8f42873540a2a51109611869a217,95,0,Full Attendance
e6b9d31a361f4d90bad1fa330ae4ac11,95,0,Full Attendance
9118c400e3364243b139c476de3ce88b,95,0,Full Attendance
ec95b3ac0beb4c3485667c4879ba630a,95,0,Full Attendance
47c68688ecf34053af36b8cc13087974,95,0,Full Attendance
